Дата,Цена акции SBER,Цена нефти BRENT
2021-12-30,293.49,5978.27
2021-12-29,293.51,5955.72
2021-12-28,295.0,5933.92
2021-12-27,295.68,5908.36
2021-12-24,293.89,5723.44
2021-12-23,292.8,5776.81
2021-12-22,294.0,5659.55
2021-12-21,291.7,5561.08
2021-12-20,288.4,5376.16
2021-12-17,294.9,5526.5
2021-12-16,295.89,5639.25
2021-12-15,286.65,5553.56
2021-12-14,284.9,5540.03
2021-12-13,280.64,5591.9
2021-12-10,297.44,5649.03
2021-12-09,300.4,5594.15
2021-12-08,296.95,5699.39
2021-12-07,309.79,5670.82
2021-12-06,307.5,5493.42
2021-12-03,320.66,5252.88
2021-12-02,326.8,5237.09
2021-12-01,324.4,5176.96
2021-11-30,315.0,5204.02
2021-11-29,316.57,5520.48
2021-11-26,304.42,5466.36
2021-11-25,317.29,6180.48
2021-11-24,321.22,6182.73
2021-11-23,326.84,6187.24
2021-11-22,309.15,5991.05
2021-11-19,327.56,5930.16
2021-11-18,336.93,6106.81
2021-11-17,339.89,6034.65
2021-11-16,337.91,6196.26
2021-11-15,344.39,6167.7
2021-11-12,347.59,6176.72
2021-11-11,356.24,6229.34
2021-11-10,348.65,6212.05
2021-11-09,357.44,6372.91
2021-11-08,358.39,6271.43
2021-11-05,360.21,6219.57
2021-11-03,370.13,6163.19
2021-11-02,370.7,6368.4
2021-11-01,370.96,6367.65
2021-10-29,356.14,6293.23
2021-10-28,365.36,6338.33
2021-10-27,371.36,6357.88
2021-10-26,372.16,6494.69
2021-10-25,369.99,6463.87
2021-10-22,364.37,6429.29
2021-10-21,364.6,6360.13
2021-10-20,370.16,6451.09
2021-10-19,373.18,6395.46
2021-10-18,364.6,6339.09
2021-10-15,371.82,6378.93
2021-10-14,376.09,6314.28
2021-10-13,378.8,6252.64
2021-10-12,377.79,6270.68
2021-10-11,387.6,6287.97
2021-10-08,373.01,6193.26
2021-10-07,368.93,6160.18
2021-10-06,364.28,6094.78
2021-10-05,363.2,6206.04
2021-10-04,345.85,6108.31
2021-10-01,338.48,5959.48
2021-09-30,340.99,5886.56
2021-09-29,328.43,5911.37
2021-09-28,329.3,5945.2
2021-09-27,331.68,5978.27
2021-09-24,325.44,5870.03
2021-09-23,327.02,5806.88
2021-09-22,327.8,5727.2
2021-09-21,323.25,5589.64
2021-09-20,326.92,5556.57
2021-09-17,329.56,5663.31
2021-09-16,326.99,5688.11
2021-09-15,333.51,5672.33
2021-09-14,326.48,5532.51
2021-09-13,327.41,5525.75
2021-09-10,326.25,5481.4
2021-09-09,326.01,5370.9
2021-09-08,331.7,5457.34
2021-09-07,325.96,5388.94
2021-09-06,329.37,5428.78
2021-09-03,329.71,5458.09
2021-09-02,329.0,5489.67
2021-09-01,334.57,5381.42
2021-08-31,327.94,5384.43
2021-08-30,328.28,5518.23
2021-08-27,327.41,5464.86
2021-08-26,322.54,5342.33
2021-08-25,324.57,5431.03
2021-08-24,324.83,5340.83
2021-08-23,329.22,5167.94
2021-08-20,325.67,4899.58
2021-08-19,332.69,4995.05
2021-08-18,334.9,5128.85
2021-08-17,334.5,5188.99
2021-08-16,329.36,5225.07
2021-08-13,328.68,5306.25
2021-08-12,328.57,5360.37
2021-08-11,329.9,5370.14
2021-08-10,330.11,5309.26
2021-08-09,326.91,5189.74
2021-08-06,319.15,5314.52
2021-08-05,315.82,5358.87
2021-08-04,311.1,5290.46
2021-08-03,309.89,5443.06
2021-08-02,306.51,5479.14
2021-07-30,305.59,5668.57
2021-07-29,303.12,5716.68
2021-07-28,302.9,5618.21
2021-07-27,299.71,5598.66
2021-07-26,303.34,5600.16
2021-07-23,296.38,5570.1
2021-07-22,297.27,5546.79
2021-07-21,294.86,5429.53
2021-07-20,296.1,5213.04
2021-07-19,291.46,5158.17
2021-07-16,298.85,5531.76
2021-07-15,301.72,5522.74
2021-07-14,301.5,5619.71
2021-07-13,303.0,5749.75
2021-07-12,306.23,5649.78
2021-07-09,303.56,5679.09
2021-07-08,302.63,5571.6
2021-07-07,304.06,5519.73
2021-07-06,303.34,5602.42
2021-07-05,307.0,5800.12
2021-07-02,307.39,5725.7
2021-07-01,305.78,5700.89
2021-06-30,306.45,5609.19
2021-06-29,306.1,5619.71
2021-06-28,309.48,5613.7
2021-06-25,311.81,5726.45
2021-06-24,310.0,5679.85
2021-06-23,309.79,5652.03
2021-06-22,309.73,5623.47
2021-06-21,310.4,5630.23
2021-06-18,309.3,5525.75
2021-06-17,313.9,5493.42
2021-06-16,311.61,5591.9
2021-06-15,312.51,5561.83
2021-06-14,314.12,5476.89
2021-06-11,313.0,5464.11
2021-06-10,314.62,5451.33
2021-06-09,314.78,5416.75
2021-06-08,314.83,5428.78
2021-06-07,315.53,5373.9
2021-06-04,310.94,5403.97
2021-06-03,312.41,5360.37
2021-06-02,313.98,5363.38
2021-06-01,311.6,5280.69
2021-05-31,310.79,5210.78
2021-05-28,309.56,5165.68
2021-05-27,312.72,5221.31
2021-05-26,307.01,5176.96
2021-05-25,306.8,5160.42
2021-05-24,300.7,5146.14
2021-05-21,301.23,4994.29
2021-05-20,296.72,4894.32
2021-05-19,297.0,5010.83
2021-05-18,305.78,5164.93
2021-05-17,303.94,5221.31
2021-05-14,304.1,5164.93
2021-05-13,306.74,5040.15
2021-05-12,302.02,5210.78
2021-05-11,307.16,5152.9
2021-05-10,320.19,5135.61
2021-05-07,317.94,5132.61
2021-05-06,314.72,5118.33
2021-05-05,305.99,5183.72
2021-05-04,303.7,5177.71
2021-04-30,297.73,5018.35
2021-04-29,297.1,5153.66
2021-04-28,298.49,5056.69
2021-04-27,298.5,4992.79
2021-04-26,295.27,4934.91
2021-04-23,293.19,4969.49
2021-04-22,292.18,4916.12
2021-04-21,289.25,4910.1
2021-04-20,287.42,5004.07
2021-04-19,287.72,5040.15
2021-04-16,288.5,5019.1
2021-04-15,283.72,5031.88
2021-04-14,287.18,5004.82
2021-04-13,287.95,4786.07
2021-04-12,281.75,4756.76
2021-04-09,281.07,4731.95
2021-04-08,283.89,4750.74
2021-04-07,283.98,4747.74
2021-04-06,281.5,4716.17
2021-04-05,288.78,4671.82
2021-04-01,290.24,4875.53
2021-03-31,291.02,4716.17
2021-03-30,293.25,4821.4
2021-03-29,293.3,4884.55
2021-03-26,291.22,4853.73
2021-03-25,286.66,4656.78
2021-03-24,285.79,4841.7
2021-03-23,282.6,4569.58
2021-03-22,288.65,4857.49
2021-03-19,285.47,4850.72
2021-03-18,279.25,4756.76
2021-03-17,283.35,5111.56
2021-03-16,292.33,5140.88
2021-03-15,292.74,5177.71
2021-03-12,284.93,5203.27
2021-03-11,286.0,5234.09
2021-03-10,282.24,5104.04
2021-03-09,285.79,5075.48
2021-03-05,277.5,5213.79
2021-03-04,274.75,5016.85
2021-03-03,278.01,4816.14
2021-03-02,279.1,4713.16
2021-03-01,273.58,4787.58
2021-02-26,270.17,4842.45
2021-02-25,270.71,5027.37
2021-02-24,271.9,5039.4
2021-02-22,273.71,4904.09
2021-02-19,271.34,4728.94
2021-02-18,266.99,4805.62
2021-02-17,270.9,4836.44
2021-02-16,270.9,4762.02
2021-02-15,271.81,4758.26
2021-02-12,266.0,4692.86
2021-02-11,264.7,4595.89
2021-02-10,265.9,4620.7
2021-02-09,268.98,4592.14
2021-02-08,275.2,4552.3
2021-02-05,271.7,4460.59
2021-02-04,270.11,4423.0
2021-02-03,263.53,4394.44
2021-02-02,263.15,4319.27
2021-02-01,263.8,4235.83
2021-01-29,258.11,4137.36
2021-01-28,265.96,4174.19
2021-01-27,265.5,4195.24
2021-01-26,269.34,4202.75
2021-01-25,265.3,4200.5
2021-01-22,268.25,4165.17
2021-01-21,274.4,4217.04
2021-01-20,279.8,4215.53
2021-01-19,278.19,4202.0
2021-01-18,279.79,4115.56
2021-01-15,276.9,4141.87
2021-01-14,284.79,4241.09
2021-01-13,283.78,4214.03
2021-01-12,289.99,4253.12
2021-01-11,289.49,4183.96
2021-01-08,283.64,4208.77
2021-01-06,272.93,4081.73
2021-01-05,275.2,4029.11
2021-01-04,272.0,3840.44
2020-12-30,271.65,3859.23
2020-12-29,272.0,3840.44
2020-12-28,274.7,3823.15
2020-12-24,269.32,3855.47
2020-12-23,270.1,3848.7
2020-12-22,262.04,3764.51
2020-12-21,261.79,3826.9
2020-12-18,270.16,3928.38
2020-12-17,278.5,3871.26
2020-12-16,278.35,3839.68
2020-12-15,278.7,3815.63
2020-12-14,279.95,3780.3
2020-12-11,283.73,3756.24
2020-12-10,282.2,3777.29
2020-12-09,276.89,3672.81
2020-12-08,275.49,3671.3
2020-12-07,274.36,3667.54
2020-12-04,270.0,3702.12
2020-12-03,263.14,3661.53
2020-12-02,264.06,3626.95
2020-12-01,260.81,3564.56
2020-11-30,249.63,3577.34
2020-11-27,251.59,3621.69
2020-11-26,250.1,3593.13
2020-11-25,251.91,3654.01
2020-11-24,247.33,3597.64
2020-11-23,239.7,3462.33
2020-11-20,239.42,3379.64
2020-11-19,240.27,3322.51
2020-11-18,242.71,3333.04
2020-11-17,245.7,3288.69
2020-11-16,247.99,3293.95
2020-11-13,242.99,3215.77
2020-11-12,242.08,3272.15
2020-11-11,244.2,3292.45
2020-11-10,236.1,3278.16
2020-11-09,228.05,3187.21
2020-11-06,217.5,2965.46
2020-11-05,216.7,3076.71
2020-11-03,209.2,2985.0
2020-11-02,204.5,2929.37
2020-10-30,200.99,2851.95
2020-10-29,205.58,2830.15
2020-10-28,204.73,2940.65
2020-10-27,207.64,3097.0
2020-10-26,211.1,3041.38
2020-10-23,214.5,3139.85
2020-10-22,210.21,3191.72
2020-10-21,210.33,3136.84
2020-10-20,209.54,3244.34
2020-10-19,202.78,3203.75
2020-10-16,201.17,3227.05
2020-10-15,203.85,3244.34
2020-10-14,207.83,3256.36
2020-10-13,205.03,3190.97
2020-10-12,206.18,3136.09
2020-10-09,205.38,3221.03
2020-10-08,207.97,3257.87
2020-10-07,210.6,3156.39
2020-10-06,211.18,3206.0
2020-10-05,208.89,3103.77
2020-10-02,208.8,2951.93
2020-10-01,227.23,3076.71
2020-09-30,229.14,3078.21
2020-09-29,225.48,3084.23
2020-09-28,228.63,3189.46
2020-09-25,228.24,3151.13
2020-09-24,228.17,3152.63
2020-09-23,228.5,3139.85
2020-09-22,229.88,3136.09
2020-09-21,226.25,3115.04
2020-09-18,230.3,3243.59
2020-09-17,231.46,3254.86
2020-09-16,231.06,3173.68
2020-09-15,231.5,3046.64
2020-09-14,227.37,2977.48
2020-09-11,221.07,2994.02
2020-09-10,220.6,3011.31
2020-09-09,218.0,3066.18
2020-09-08,217.68,2990.26
2020-09-07,221.32,3149.62
2020-09-04,222.21,3206.75
2020-09-03,218.32,3306.73
2020-09-02,222.57,3339.8
2020-09-01,227.64,3426.25
2020-08-31,226.1,3423.99
2020-08-28,226.3,3386.41
2020-08-27,226.23,3427.75
2020-08-26,227.8,3430.76
2020-08-25,228.08,3447.3
2020-08-24,231.81,3383.4
2020-08-21,231.22,3333.79
2020-08-20,232.48,3375.13
2020-08-19,239.4,3410.46
2020-08-18,236.3,3417.23
2020-08-17,237.8,3410.46
2020-08-14,239.99,3377.39
2020-08-13,241.39,3379.64
2020-08-12,242.4,3414.97
2020-08-11,232.65,3345.06
2020-08-10,225.99,3381.9
2020-08-07,227.28,3337.55
2020-08-06,226.0,3389.42
2020-08-05,226.4,3395.43
2020-08-04,227.16,3339.8
2020-08-03,226.72,3318.76
2020-07-31,221.57,3254.86
2020-07-30,218.15,3227.8
2020-07-29,219.18,3288.69
2020-07-28,215.53,3248.85
2020-07-27,216.9,3263.13
2020-07-24,215.97,3257.87
2020-07-23,215.41,3255.61
2020-07-22,216.71,3329.28
2020-07-21,215.73,3331.53
2020-07-20,213.89,3253.36
2020-07-17,210.81,3242.83
2020-07-16,211.35,3260.12
2020-07-15,211.09,3291.69
2020-07-14,209.5,3224.79
2020-07-13,208.39,3211.26
2020-07-10,212.28,3250.35
2020-07-09,209.11,3183.45
2020-07-08,210.97,3254.11
2020-07-07,210.53,3238.32
2020-07-06,214.61,3239.83
2020-07-03,210.95,3217.28
2020-07-02,209.6,3242.83
2020-06-30,203.22,3092.49
2020-06-29,205.8,3116.55
2020-06-26,203.15,3060.17
2020-06-25,206.92,3085.73
2020-06-23,207.3,3204.5
2020-06-22,206.4,3234.57
2020-06-19,207.0,3171.42
2020-06-18,203.77,3116.55
2020-06-17,208.14,3046.64
2020-06-16,207.76,3057.16
2020-06-15,207.32,2991.01
2020-06-11,208.35,2881.27
2020-06-10,212.53,3098.51
2020-06-09,217.23,3054.91
2020-06-08,220.3,3063.93
2020-06-05,219.1,3179.69
2020-06-04,213.1,3002.29
2020-06-03,221.5,2991.01
2020-06-02,212.0,2976.73
2020-06-01,203.66,2880.51
2020-05-29,200.5,2844.43
2020-05-28,205.0,2652.75
2020-05-27,198.51,2611.41
2020-05-26,194.0,2718.9
2020-05-25,191.0,2670.79
2020-05-22,188.9,2640.72
2020-05-21,192.4,2710.63
2020-05-20,193.98,2687.33
2020-05-19,189.0,2604.64
2020-05-18,188.93,2616.67
2020-05-15,183.85,2443.02
2020-05-14,183.81,2340.04
2020-05-13,187.31,2194.21
2020-05-12,191.4,2253.6
2020-05-08,196.02,2328.01
2020-05-07,195.51,2214.51
2020-05-06,195.7,2234.05
2020-05-05,194.75,2328.01
2020-05-04,193.69,2044.62
2020-04-30,197.25,1899.55
2020-04-29,195.8,1694.33
2020-04-28,192.8,1537.98
2020-04-27,188.9,1502.65
2020-04-24,188.91,1611.64
2020-04-23,190.94,1603.38
2020-04-22,190.2,1531.21
2020-04-21,186.05,1453.04
2020-04-20,189.32,1922.1
2020-04-17,191.8,2110.77
2020-04-16,188.5,2091.23
2020-04-15,186.07,2081.46
2020-04-14,197.37,2225.03
2020-04-13,198.26,2385.9
2020-04-09,203.61,2366.35
2020-04-08,200.29,2468.58
2020-04-07,197.63,2395.67
2020-04-06,190.7,2484.37
2020-04-03,185.64,2564.05
2020-04-02,186.95,2250.59
2020-04-01,184.78,1859.71
2020-03-31,187.21,1709.37
2020-03-30,183.0,1710.87
2020-03-27,180.38,1873.99
2020-03-26,188.07,1979.98
2020-03-25,188.08,2063.42
2020-03-24,192.64,2064.92
2020-03-23,183.37,2064.17
2020-03-20,195.69,2028.09
2020-03-19,189.51,2140.09
2020-03-18,174.27,1870.23
2020-03-17,184.01,2151.37
2020-03-16,195.85,2218.27
2020-03-13,198.6,2606.14
2020-03-12,175.91,2455.05
2020-03-11,194.53,2690.33
2020-03-10,201.2,2842.18
2020-03-06,219.99,3420.24
2020-03-05,232.33,3753.24
2020-03-04,235.27,3863.74
2020-03-03,236.63,3901.32
2020-03-02,228.17,3912.6
2020-02-28,233.36,3797.59
2020-02-27,242.88,3922.37
2020-02-26,250.8,4016.33
2020-02-25,245.19,4130.59
2020-02-21,250.8,4377.9
2020-02-20,250.15,4458.33
2020-02-19,249.7,4444.05
2020-02-18,249.2,4341.07
2020-02-14,251.75,4308.74
2020-02-13,253.89,4235.08
2020-02-12,254.5,4193.73
2020-02-11,254.5,4059.93
2020-02-10,252.26,4004.31
2020-02-07,254.3,4096.77
2020-02-06,252.11,4129.09
2020-02-05,255.2,4155.4
2020-02-04,255.4,4056.17
2020-02-03,253.99,4093.01
2020-01-31,252.2,4256.13
2020-01-30,257.31,4381.66
2020-01-29,259.94,4495.92
2020-01-28,257.7,4473.37
2020-01-27,255.32,4459.08
2020-01-24,265.49,4562.07
2020-01-23,263.73,4663.55
2020-01-22,266.54,4751.5
2020-01-21,268.06,4854.48
2020-01-20,266.28,4901.08
2020-01-17,262.5,4874.77
2020-01-16,257.51,4857.49
2020-01-15,256.31,4810.88
2020-01-14,259.05,4842.45
2020-01-13,262.4,4828.17
2020-01-10,258.19,4887.55
2020-01-09,257.99,4911.61
2020-01-08,259.15,4870.26
2020-01-06,253.9,5179.96
2020-01-03,255.0,5158.17
2019-12-30,254.75,5007.07
2019-12-27,252.06,5025.11
2019-12-26,248.24,5018.35
2019-12-25,248.04,4971.74
2019-12-24,248.67,4961.97
2019-12-23,248.8,4922.13
2019-12-20,244.71,4889.06
2019-12-19,244.0,5002.56
2019-12-18,246.2,4973.25
2019-12-17,241.6,4950.7
2019-12-16,241.45,4911.61
2019-12-13,241.21,4877.78
2019-12-12,241.05,4850.72
2019-12-11,240.32,4808.62
2019-12-10,237.91,4820.65
2019-12-09,237.04,4810.88
2019-12-06,235.14,4832.68
2019-12-05,231.71,4759.01
2019-12-04,231.59,4744.73
2019-12-03,230.66,4595.14
2019-12-02,233.77,4586.87
2019-11-29,233.98,4552.3
2019-11-28,235.2,4744.73
2019-11-27,234.22,4806.37
2019-11-26,235.0,4818.4
2019-11-25,237.98,4780.06
2019-11-22,238.13,4779.31
2019-11-21,237.15,4791.34
2019-11-20,237.78,4689.1
2019-11-19,239.25,4571.84
2019-11-18,237.45,4683.84
2019-11-15,240.0,4765.78
2019-11-14,237.5,4686.85
2019-11-13,237.21,4688.35
2019-11-12,239.87,4665.05
2019-11-11,241.5,4674.07
2019-11-08,240.17,4698.88
2019-11-07,242.5,4682.34
2019-11-06,239.02,4641.0
2019-11-05,238.53,4732.7
2019-11-01,236.4,4637.24
2019-10-31,234.89,4527.49
2019-10-30,239.51,4556.05
2019-10-29,240.11,4629.72
2019-10-28,237.03,4628.22
2019-10-25,240.0,4662.04
2019-10-24,242.78,4635.73
2019-10-23,239.57,4598.15
2019-10-22,239.77,4487.65
2019-10-21,234.94,4432.02
2019-10-18,235.55,4466.6
2019-10-17,233.5,4503.43
2019-10-16,231.0,4466.6
2019-10-15,229.4,4415.49
2019-10-14,228.4,4461.34
2019-10-11,230.31,4548.54
2019-10-10,228.5,4442.55
2019-10-09,227.7,4383.91
2019-10-08,226.03,4377.9
2019-10-07,227.55,4386.17
2019-10-04,222.76,4387.67
2019-10-03,224.08,4338.06
2019-10-02,223.5,4336.56
2019-10-01,226.49,4426.76
2019-09-30,227.71,4568.83
2019-09-27,228.05,4653.77
2019-09-26,229.09,4716.17
2019-09-25,228.09,4689.86
2019-09-24,227.5,4743.23
2019-09-23,229.7,4868.76
2019-09-20,232.0,4831.93
2019-09-19,234.98,4840.95
2019-09-18,235.3,4780.81
2019-09-17,235.89,4852.22
2019-09-16,235.32,5188.23
2019-09-13,233.0,4526.74
2019-09-12,234.57,4538.76
2019-09-11,234.72,4571.09
2019-09-10,233.3,4689.1
2019-09-09,229.0,4704.89
2019-09-06,229.02,4625.96
2019-09-05,230.79,4581.61
2019-09-04,227.1,4562.82
2019-09-03,224.0,4379.4
2019-09-02,226.68,4409.47
2019-08-30,224.2,4542.52
2019-08-29,221.5,4591.38
2019-08-28,218.3,4547.03
2019-08-27,217.89,4473.37
2019-08-26,218.5,4412.48
2019-08-23,219.5,4460.59
2019-08-22,219.5,4504.19
2019-08-21,218.62,4532.75
2019-08-20,216.0,4512.46
2019-08-19,217.4,4490.66
2019-08-16,215.05,4407.97
2019-08-15,214.59,4377.15
2019-08-14,217.11,4471.11
2019-08-13,223.18,4607.92
2019-08-12,222.3,4402.71
2019-08-09,220.67,4399.7
2019-08-08,223.93,4313.25
2019-08-07,222.25,4226.81
2019-08-06,226.01,4430.52
2019-08-05,222.24,4495.92
2019-08-02,220.81,4652.27
2019-08-01,229.5,4547.78
2019-07-31,233.49,4898.83
2019-07-30,236.0,4865.0
2019-07-29,232.8,4789.08
2019-07-26,230.55,4770.29
2019-07-25,232.9,4765.03
2019-07-24,230.65,4749.24
2019-07-23,232.48,4798.1
2019-07-22,230.35,4755.25
2019-07-19,232.85,4695.87
2019-07-18,234.78,4655.28
2019-07-17,234.63,4785.32
2019-07-16,234.75,4837.19
2019-07-15,235.27,4997.3
2019-07-12,237.02,5015.34
2019-07-11,241.3,5000.31
2019-07-10,243.76,5037.14
2019-07-09,242.74,4822.91
2019-07-08,243.3,4819.15
2019-07-05,242.83,4828.17
2019-07-04,242.82,4758.26
2019-07-03,241.51,4797.35
2019-07-02,241.2,4690.61
2019-07-01,242.98,4890.56
2019-06-28,238.55,5002.56
2019-06-27,240.5,5002.56
2019-06-26,240.59,4998.05
2019-06-25,236.7,4889.81
2019-06-24,239.09,4875.53
2019-06-21,238.02,4901.08
2019-06-20,244.1,4844.71
2019-06-19,240.4,4647.01
2019-06-18,241.8,4671.06
2019-06-17,237.8,4580.86
2019-06-14,238.8,4661.29
2019-06-13,240.49,4608.67
2019-06-11,235.89,4682.34
2019-06-10,249.0,4682.34
2019-06-07,248.28,4757.51
2019-06-06,244.89,4635.73
2019-06-05,239.0,4557.56
2019-06-04,236.0,4658.28
2019-06-03,239.95,4606.42
2019-05-31,233.24,4659.79
2019-05-30,232.75,5026.62
2019-05-29,233.4,5220.56
2019-05-28,233.19,5270.17
2019-05-27,236.0,5270.17
2019-05-24,234.45,5163.43
2019-05-23,229.3,5093.52
2019-05-22,235.86,5336.32
2019-05-21,232.71,5425.77
2019-05-20,226.0,5409.98
2019-05-17,226.94,5428.03
2019-05-16,228.19,5458.85
2019-05-15,228.69,5394.95
2019-05-14,227.88,5355.11
2019-05-13,224.22,5279.19
2019-05-10,227.0,5308.51
2019-05-08,230.0,5289.71
2019-05-07,231.49,5252.88
2019-05-06,232.8,5355.11
2019-05-03,232.52,5325.79
2019-05-02,229.1,5318.28
2019-04-30,225.17,5472.38
2019-04-29,228.8,5415.25
2019-04-26,223.18,5423.52
2019-04-25,227.8,5588.89
2019-04-24,236.0,5605.43
2019-04-23,235.67,5600.92
2019-04-22,235.41,5565.59
2019-04-18,232.79,5409.98
2019-04-17,234.3,5383.68
2019-04-16,233.24,5391.19
2019-04-15,237.8,5350.6
2019-04-12,239.5,5378.41
2019-04-11,238.86,5324.29
2019-04-10,243.68,5391.94
2019-04-09,238.0,5307.75
2019-04-08,232.3,5344.59
2019-04-05,227.5,5287.46
2019-04-04,221.8,5216.8
2019-04-03,219.05,5210.03
2019-04-02,218.23,5214.54
2019-04-01,217.7,5187.48
2019-03-29,214.42,5140.88
2019-03-28,215.07,5098.03
2019-03-27,214.1,5098.78
2019-03-26,218.0,5109.3
2019-03-25,214.0,5052.18
2019-03-22,207.7,5038.65
2019-03-21,210.61,5101.04
2019-03-20,209.8,5149.15
2019-03-19,207.7,5082.24
2019-03-18,205.9,5076.98
2019-03-15,203.55,5048.42
2019-03-14,203.66,5053.68
2019-03-13,206.0,5077.73
2019-03-12,205.1,5011.58
2019-03-11,205.25,5004.82
2019-03-07,203.95,4983.77
2019-03-06,205.0,4960.47
2019-03-05,202.92,4950.7
2019-03-04,205.5,4936.41
2019-03-01,206.54,4891.31
2019-02-28,207.8,4963.48
2019-02-27,205.4,4990.54
2019-02-26,205.8,4901.84
2019-02-25,205.86,4868.01
2019-02-22,205.25,5045.41
2019-02-21,203.41,5041.65
2019-02-20,206.89,5042.4
2019-02-19,202.08,4995.05
2019-02-18,204.19,4998.8
2019-02-15,208.0,4980.01
2019-02-14,204.43,4853.73
2019-02-13,213.9,4781.56
2019-02-12,219.1,4692.11
2019-02-11,214.0,4623.71
2019-02-08,210.43,4668.06
2019-02-07,211.01,4632.73
2019-02-06,216.59,4712.41
2019-02-05,217.85,4659.04
2019-02-04,215.5,4698.88
2019-02-01,216.29,4716.92
2019-01-31,217.9,4652.27
2019-01-30,213.14,4634.23
2019-01-29,213.61,4609.42
2019-01-28,209.7,4504.94
2019-01-25,212.0,4633.48
2019-01-24,212.2,4592.14
2019-01-23,210.4,4595.89
2019-01-22,207.95,4622.96
2019-01-21,207.17,4716.17
2019-01-18,208.44,4713.16
2019-01-17,203.32,4598.9
2019-01-16,201.26,4609.42
2019-01-15,198.0,4558.31
2019-01-14,196.8,4434.28
2019-01-11,196.8,4546.28
2019-01-10,196.75,4636.49
2019-01-09,197.0,4618.44
2019-01-08,191.24,4413.98
2019-01-04,190.99,4289.2
2019-01-03,186.99,4205.76
2018-12-28,186.5,3923.87
2018-12-27,185.0,3920.87
2018-12-26,183.4,4094.51
2018-12-24,184.3,3793.83
2018-12-21,186.79,4045.65
2018-12-20,189.3,4085.49
2018-12-19,188.85,4302.73
2018-12-18,186.6,4229.06
2018-12-17,182.3,4480.88
2018-12-14,184.93,4531.25
2018-12-13,189.17,4619.2
2018-12-12,190.45,4521.48
2018-12-11,192.57,4525.23
2018-12-10,191.8,4507.94
2018-12-07,195.01,4635.73
2018-12-06,192.19,4514.71
2018-12-05,196.0,4627.47
2018-12-04,199.0,4666.55
2018-12-03,200.3,4637.24
2018-11-30,194.0,4413.23
2018-11-29,195.76,4473.37
2018-11-28,190.2,4416.99
2018-11-27,191.03,4525.99
2018-11-26,188.5,4546.28
2018-11-23,197.3,4420.0
2018-11-22,199.4,4705.64
2018-11-21,197.5,4771.79
2018-11-20,194.21,4700.38
2018-11-19,197.99,5020.6
2018-11-16,199.26,5018.35
2018-11-15,200.15,5007.83
2018-11-14,199.2,4970.24
2018-11-13,196.56,4921.38
2018-11-12,196.82,5270.92
2018-11-09,195.75,5275.43
2018-11-08,202.89,5310.76
2018-11-07,201.9,5417.5
2018-11-06,197.8,5422.01
2018-11-02,192.6,5474.63
2018-11-01,188.67,5479.14
2018-10-31,189.8,5673.08
2018-10-30,184.78,5706.15
2018-10-29,185.59,5813.65
2018-10-26,181.0,5834.7
2018-10-25,186.71,5779.82
2018-10-24,188.01,5725.7
2018-10-23,181.0,5745.99
2018-10-22,180.7,6000.82
2018-10-19,183.8,5997.06
2018-10-18,191.0,5960.23
2018-10-17,194.05,6017.36
2018-10-16,196.05,6119.59
2018-10-15,190.92,6072.23
2018-10-12,191.85,6045.92
2018-10-11,185.27,6033.14
2018-10-10,189.89,6245.88
2018-10-09,191.25,6389.45
2018-10-08,191.85,6307.51
2018-10-05,187.2,6326.31
2018-10-04,189.35,6357.88
2018-10-03,198.3,6486.42
2018-10-02,199.5,6374.42
2018-10-01,204.2,6387.95
2018-09-28,203.32,6218.06
2018-09-27,204.1,6142.89
2018-09-26,195.79,6114.33
2018-09-25,195.55,6154.17
2018-09-24,198.75,6103.8
2018-09-21,193.44,5923.4
2018-09-20,191.16,5915.88
2018-09-19,193.9,5968.5
2018-09-18,191.65,5940.69
2018-09-17,188.11,5867.02
2018-09-14,188.71,5870.03
2018-09-13,183.5,5876.79
2018-09-12,173.9,5994.06
2018-09-11,169.36,5942.94
2018-09-10,171.21,5815.9
2018-09-07,174.9,5775.31
2018-09-06,175.0,5750.5
2018-09-05,178.46,5808.39
2018-09-04,179.5,5876.04
2018-09-03,181.21,5874.54
2018-08-31,182.0,5812.9
2018-08-30,178.0,5818.91
2018-08-29,183.5,5798.61
2018-08-28,182.0,5709.16
2018-08-27,183.27,5728.71
2018-08-24,180.39,5699.39
2018-08-23,178.71,5617.45
2018-08-22,187.8,5621.21
2018-08-21,191.8,5459.6
2018-08-20,191.2,5428.03
2018-08-17,189.55,5399.46
2018-08-16,191.6,5369.39
2018-08-15,187.98,5319.03
2018-08-14,192.76,5446.82
2018-08-13,190.0,5458.09
2018-08-10,186.15,5473.13
2018-08-09,195.9,5417.5
2018-08-08,193.2,5433.29
2018-08-07,201.79,5611.44
2018-08-06,203.9,5543.79
2018-08-03,202.21,5503.2
2018-08-02,206.6,5521.24
2018-08-01,210.6,5441.56
2018-07-31,214.86,5581.37
2018-07-30,211.33,5635.49
2018-07-27,208.9,5584.38
2018-07-26,210.0,5603.17
2018-07-25,213.7,5557.32
2018-07-24,215.45,5520.48
2018-07-23,208.42,5491.92
2018-07-20,204.34,5492.67
2018-07-19,207.5,5455.84
2018-07-18,216.28,5479.89
2018-07-17,222.5,5424.27
2018-07-16,227.99,5400.21
2018-07-13,229.85,5662.56
2018-07-12,226.6,5596.41
2018-07-11,227.57,5517.48
2018-07-10,230.3,5927.91
2018-07-09,230.0,5868.52
2018-07-06,226.71,5796.36
2018-07-05,224.54,5817.41
2018-07-04,217.7,5881.3
2018-07-03,218.45,5845.22
2018-07-02,221.01,5810.64
2018-06-29,218.0,5971.5
2018-06-28,208.5,5851.98
2018-06-27,207.95,5834.7
2018-06-26,199.91,5736.22
2018-06-25,202.51,5617.45
2018-06-22,214.43,5679.09
2018-06-21,210.4,5491.17
2018-06-20,212.2,5618.21
2018-06-19,206.0,5643.76
2018-06-18,206.3,5663.31
2018-06-15,209.36,5520.48
2018-06-14,214.0,5708.41
2018-06-13,215.0,5768.55
2018-06-11,210.35,5747.5
2018-06-08,210.95,5747.5
2018-06-07,216.41,5812.14
2018-06-06,217.9,5664.81
2018-06-05,215.56,5666.31
2018-06-04,220.0,5659.55
2018-06-01,220.0,5772.3
2018-05-31,222.36,5832.44
2018-05-30,221.01,5825.68
2018-05-29,219.0,5667.07
2018-05-28,220.9,5660.3
2018-05-25,220.0,5745.99
2018-05-24,222.01,5922.64
2018-05-23,221.0,5998.57
2018-05-22,225.6,5981.28
2018-05-21,226.21,5954.97
2018-05-18,222.2,5901.6
2018-05-17,226.05,5960.98
2018-05-16,229.8,5959.48
2018-05-15,231.39,5895.58
2018-05-14,237.8,5880.55
2018-05-11,235.72,5797.11
2018-05-10,233.7,5823.42
2018-05-08,226.7,5626.47
2018-05-07,229.86,5725.7
2018-05-04,228.55,5627.98
2018-05-03,228.03,5534.02
2018-05-02,229.02,5514.47
2018-04-30,226.99,5650.53
2018-04-27,223.91,5582.12
2018-04-26,220.7,5618.21
2018-04-25,220.45,5562.58
2018-04-24,223.0,5552.06
2018-04-23,223.25,5615.95
2018-04-20,215.36,5567.09
2018-04-19,213.45,5546.04
2018-04-18,215.87,5523.49
2018-04-17,207.5,5380.67
2018-04-16,192.06,5368.64
2018-04-13,204.7,5455.84
2018-04-12,212.21,5413.74
2018-04-11,208.0,5416.75
2018-04-10,214.8,5340.08
2018-04-09,213.0,5160.42
2018-04-06,256.76,5044.66
2018-04-05,262.0,5136.37
2018-04-04,255.69,5113.06
2018-04-03,251.6,5120.58
2018-04-02,249.99,5084.5
2018-03-29,252.9,5212.29
2018-03-28,251.5,5226.57
2018-03-27,258.0,5270.17
2018-03-26,255.0,5270.92
2018-03-23,262.0,5295.73
2018-03-22,265.5,5179.96
2018-03-21,268.88,5222.06
2018-03-20,257.15,5067.96
2018-03-19,255.0,4964.98
2018-03-16,256.15,4977.01
2018-03-15,254.51,4895.07
2018-03-14,262.5,4877.78
2018-03-13,273.95,4858.99
2018-03-12,274.3,4882.29
2018-03-09,274.6,4922.88
2018-03-07,274.0,4836.44
2018-03-06,274.03,4945.43
2018-03-05,277.0,4926.64
2018-03-02,273.0,4838.69
2018-03-01,275.0,4798.1
2018-02-28,272.4,4944.68
2018-02-27,278.21,5008.58
2018-02-26,279.97,5073.98
2018-02-22,277.49,4990.54
2018-02-21,279.2,4917.62
2018-02-20,267.22,4904.84
2018-02-19,266.85,4936.41
2018-02-16,266.99,4874.02
2018-02-15,264.58,4835.69
2018-02-14,262.03,4837.94
2018-02-13,258.3,4714.66
2018-02-12,255.05,4704.89
2018-02-09,250.11,4719.92
2018-02-08,253.19,4871.77
2018-02-07,257.58,4924.39
2018-02-06,258.94,5025.87
2018-02-05,255.64,5083.0
2018-02-02,257.32,5155.16
2018-02-01,263.2,5235.59
2018-01-31,264.5,5190.49
2018-01-30,257.8,5188.23
2018-01-29,250.48,5221.31
2018-01-26,247.0,5300.99
2018-01-25,250.64,5293.47
2018-01-24,247.53,5301.74
2018-01-23,244.4,5258.89
2018-01-22,243.99,5188.99
2018-01-19,242.45,5157.41
2018-01-18,245.5,5210.03
2018-01-17,239.82,5215.29
2018-01-16,239.64,5198.01
2018-01-15,238.85,5281.44
2018-01-12,237.75,5252.13
2018-01-11,239.0,5206.27
2018-01-10,237.76,5201.76
2018-01-09,240.4,5173.2
2018-01-05,238.6,5083.0
2018-01-04,238.8,5116.82
2018-01-03,231.9,5099.53
2017-12-29,225.2,5026.62
2017-12-28,224.2,5015.34
2017-12-27,226.98,4994.29
2017-12-26,223.57,5037.89
2017-12-22,221.44,4904.84
2017-12-21,223.6,4878.53
2017-12-20,226.0,4852.98
2017-12-19,224.1,4795.85
2017-12-18,227.4,4766.53
2017-12-15,226.53,4753.0
2017-12-14,229.9,4759.01
2017-12-13,221.8,4693.61
2017-12-12,227.9,4761.27
2017-12-11,227.69,4862.75
2017-12-08,220.89,4765.78
2017-12-07,219.81,4675.57
2017-12-06,223.75,4601.91
2017-12-05,223.91,4725.19
2017-12-04,224.6,4694.37
2017-12-01,221.5,4790.58
2017-11-30,224.35,4778.56
2017-11-29,228.2,4743.98
2017-11-28,230.0,4781.56
2017-11-27,226.76,4798.85
2017-11-24,228.0,4800.36
2017-11-23,225.56,4777.05
2017-11-22,230.25,4759.76
2017-11-21,231.0,4703.39
2017-11-20,224.6,4677.08
2017-11-17,225.65,4714.66
2017-11-16,227.5,4612.43
2017-11-15,225.95,4650.77
2017-11-14,221.4,4676.33
2017-11-13,216.61,4747.74
2017-11-10,217.7,4774.8
2017-11-09,220.05,4805.62
2017-11-08,209.09,4772.54
2017-11-07,205.96,4787.58
2017-11-03,193.8,4665.8
2017-11-02,193.85,4556.81
2017-11-01,194.05,4547.03
2017-10-31,193.8,4613.18
2017-10-30,195.0,4577.85
2017-10-27,196.05,4543.27
2017-10-26,192.75,4457.58
2017-10-25,192.04,4392.93
2017-10-24,192.5,4384.67
2017-10-23,192.34,4312.5
2017-10-20,192.97,4341.07
2017-10-19,192.2,4301.98
2017-10-18,195.31,4371.14
2017-10-17,197.2,4350.84
2017-10-16,197.7,4346.33
2017-10-13,196.48,4297.47
2017-10-12,195.51,4228.31
2017-10-11,195.83,4280.18
2017-10-10,193.21,4255.37
2017-10-09,194.0,4193.73
2017-10-06,194.16,4180.96
2017-10-05,193.74,4284.69
2017-10-04,192.03,4194.49
2017-10-03,192.5,4209.52
2017-10-02,193.0,4218.54
2017-09-29,192.33,4325.28
2017-09-28,191.96,4315.51
2017-09-27,193.7,4352.34
2017-09-26,192.54,4392.93
2017-09-25,191.2,4436.53
2017-09-22,187.55,4274.17
2017-09-21,187.38,4241.84
2017-09-20,186.47,4231.32
2017-09-19,184.85,4144.87
2017-09-18,188.04,4170.43
2017-09-15,188.75,4180.96
2017-09-14,188.64,4169.68
2017-09-13,189.1,4146.38
2017-09-12,189.32,4079.48
2017-09-11,190.5,4047.15
2017-09-08,185.89,4042.64
2017-09-07,184.0,4096.01
2017-09-06,183.12,4074.21
2017-09-05,184.14,4012.57
2017-09-04,184.1,3934.4
2017-09-01,183.66,3965.22
2017-08-31,183.51,3937.4
2017-08-30,183.5,3823.15
2017-08-29,181.89,3908.84
2017-08-28,181.85,3900.57
2017-08-25,180.51,3939.66
2017-08-24,179.8,3911.85
2017-08-23,175.3,3951.69
2017-08-22,171.0,3899.07
2017-08-21,169.9,3883.28
2017-08-18,169.5,3962.96
2017-08-17,172.72,3835.93
2017-08-16,173.05,3778.8
2017-08-15,172.33,3818.64
2017-08-14,172.51,3813.37
2017-08-11,172.05,3916.36
2017-08-10,172.2,3901.32
2017-08-09,173.4,3961.46
2017-08-08,175.75,3919.36
2017-08-07,172.79,3936.65
2017-08-04,169.73,3940.41
2017-08-03,170.0,3909.59
2017-08-02,169.9,3935.9
2017-08-01,166.31,3892.3
2017-07-31,164.53,3957.7
2017-07-28,165.4,3947.93
2017-07-27,166.0,3870.5
2017-07-26,161.55,3831.41
2017-07-25,160.22,3773.53
2017-07-24,161.33,3653.26
2017-07-21,162.1,3612.67
2017-07-20,163.93,3705.88
2017-07-19,164.34,3735.95
2017-07-18,161.7,3671.3
2017-07-17,161.98,3639.73
2017-07-14,161.4,3676.56
2017-07-13,159.94,3639.73
2017-07-12,160.85,3588.62
2017-07-11,156.91,3572.08
2017-07-10,155.0,3523.97
2017-07-07,152.16,3511.19
2017-07-06,150.35,3616.43
2017-07-05,148.96,3592.37
2017-07-04,149.39,3729.18
2017-07-03,147.5,3734.45
2017-06-30,145.59,3602.15
2017-06-29,143.8,3564.56
2017-06-28,145.5,3556.29
2017-06-27,147.1,3506.68
2017-06-26,144.49,3445.04
2017-06-23,144.1,3423.24
2017-06-22,144.25,3399.19
2017-06-21,143.49,3369.12
2017-06-20,144.9,3459.32
2017-06-19,145.0,3526.22
2017-06-16,141.63,3560.8
2017-06-15,139.0,3526.98
2017-06-14,143.0,3532.99
2017-06-13,146.0,3662.28
2017-06-09,150.13,3619.44
2017-06-08,151.93,3597.64
2017-06-07,152.82,3612.67
2017-06-06,152.8,3767.52
2017-06-05,154.7,3718.66
2017-06-02,157.14,3754.74
2017-06-01,153.0,3805.86
2017-05-31,155.93,3781.8
2017-05-30,161.64,3896.81
2017-05-29,163.9,3930.64
2017-05-26,160.7,3920.12
2017-05-25,164.05,3868.25
2017-05-24,165.7,4056.17
2017-05-23,166.31,4070.46
2017-05-22,168.03,4049.41
2017-05-19,168.87,4029.86
2017-05-18,166.5,3947.18
2017-05-17,169.24,3924.63
2017-05-16,170.66,3882.53
2017-05-15,171.35,3895.31
2017-05-12,167.7,3821.64
2017-05-11,169.97,3816.38
2017-05-10,170.8,3775.04
2017-05-05,165.8,3690.85
2017-05-04,165.5,3636.72
2017-05-03,164.71,3817.88
2017-05-02,166.64,3793.08
2017-04-28,165.2,3888.54
2017-04-27,164.69,3866.74
2017-04-26,165.05,3895.31
2017-04-25,162.55,3916.36
2017-04-24,162.5,3878.77
2017-04-21,159.59,3905.83
2017-04-20,158.21,3983.26
2017-04-19,153.6,3978.75
2017-04-18,153.4,4126.08
2017-04-17,153.99,4161.41
2017-04-14,149.24,4208.02
2017-04-13,152.0,4201.25
2017-04-12,150.28,4199.0
2017-04-11,156.0,4226.81
2017-04-10,155.2,4208.02
2017-04-07,161.49,4152.39
2017-04-06,167.49,4126.08
2017-04-05,168.1,4086.24
2017-04-04,163.5,4071.96
2017-04-03,161.8,3993.03
2017-03-31,159.8,3971.23
2017-03-30,163.5,3981.0
2017-03-29,163.22,3940.41
2017-03-28,163.66,3858.48
2017-03-27,162.69,3814.88
2017-03-24,164.52,3818.64
2017-03-23,164.15,3800.6
2017-03-22,162.92,3806.61
2017-03-21,162.98,3830.66
2017-03-20,163.8,3880.28
2017-03-17,161.15,3890.8
2017-03-16,158.35,3889.3
2017-03-15,156.2,3894.56
2017-03-14,157.42,3827.66
2017-03-13,158.92,3859.98
2017-03-10,157.5,3861.48
2017-03-09,156.2,3923.12
2017-03-07,160.98,4203.51
2017-03-06,162.0,4210.27
2017-03-03,164.4,4202.0
2017-03-02,163.4,4140.36
2017-03-01,160.0,4236.58
2017-02-28,156.0,4178.7
2017-02-27,160.95,4204.26
2017-02-24,165.51,4208.77
2017-02-22,165.9,4197.49
2017-02-21,167.0,4259.13
2017-02-20,165.44,4223.05
2017-02-17,165.49,4195.24
2017-02-16,166.49,4183.21
2017-02-15,163.5,4190.73
2017-02-14,162.7,4207.26
2017-02-13,164.7,4178.7
2017-02-10,165.5,4262.14
2017-02-09,168.8,4181.71
2017-02-08,171.2,4143.37
2017-02-07,173.47,4138.11
2017-02-06,172.87,4188.47
2017-02-03,173.8,4270.41
2017-02-02,172.83,4251.62
2017-02-01,173.9,4269.66
2017-01-31,172.2,4186.97
2017-01-30,174.6,4151.64
2017-01-27,178.92,4173.44
2017-01-26,173.79,4227.56
2017-01-25,170.26,4140.36
2017-01-24,170.25,4167.42
2017-01-23,166.75,4151.64
2017-01-20,167.49,4171.18
2017-01-19,166.3,4071.21
2017-01-18,165.24,4053.17
2017-01-17,165.98,4169.68
2017-01-16,164.66,4199.0
2017-01-13,164.9,4168.18
2017-01-12,168.27,4210.27
2017-01-11,169.05,4141.87
2017-01-10,171.6,4032.12
2017-01-09,168.35,4129.84
2017-01-06,170.69,4292.21
2017-01-05,171.9,4276.42
2017-01-04,175.95,4244.1
2017-01-03,180.12,4169.68
2016-12-30,173.25,4271.16
2016-12-29,171.3,4220.04
2016-12-28,170.1,4226.06
2016-12-27,172.27,4216.29
2016-12-26,171.97,4146.38
2016-12-23,171.15,4146.38
2016-12-22,170.0,4138.11
2016-12-21,174.71,4093.76
2016-12-20,175.9,4160.66
2016-12-19,174.3,4128.34
2016-12-16,173.9,4150.14
2016-12-15,174.92,4060.68
2016-12-14,173.7,4051.66
2016-12-13,176.9,4188.47
2016-12-12,175.4,4186.22
2016-12-09,169.66,4083.99
2016-12-08,168.98,4050.91
2016-12-07,159.95,3984.01
2016-12-06,159.35,4053.92
2016-12-05,162.02,4129.84
2016-12-02,159.4,4093.76
2016-12-01,158.7,4054.67
2016-11-30,158.7,3793.83
2016-11-29,158.07,3486.38
2016-11-28,159.4,3626.2
2016-11-25,160.36,3551.03
2016-11-24,161.15,3683.33
2016-11-23,155.23,3679.57
2016-11-22,155.0,3692.35
2016-11-21,153.0,3675.81
2016-11-18,150.05,3522.47
2016-11-17,149.75,3494.65
2016-11-16,149.94,3505.18
2016-11-15,149.85,3529.23
2016-11-14,150.4,3339.8
2016-11-11,151.51,3363.86
2016-11-10,153.36,3445.79
2016-11-09,151.04,3484.88
2016-11-08,146.11,3460.83
2016-11-07,143.4,3469.1
2016-11-03,142.75,3484.13
2016-11-02,142.36,3522.47
2016-11-01,145.85,3618.68
2016-10-31,147.4,3630.71
2016-10-28,149.2,3736.7
2016-10-27,149.3,3793.83
2016-10-26,150.67,3757.0
2016-10-25,151.57,3817.88
2016-10-24,149.15,3868.25
2016-10-21,148.42,3892.3
2016-10-20,148.26,3862.23
2016-10-19,148.6,3959.2
2016-10-18,147.74,3884.79
2016-10-17,146.46,3872.76
2016-10-14,146.73,3905.08
2016-10-13,146.09,3911.1
2016-10-12,149.2,3894.56
2016-10-11,151.3,3939.66
2016-10-10,151.27,3994.53
2016-10-07,148.74,3903.58
2016-10-06,148.9,3947.18
2016-10-05,147.95,3898.32
2016-10-04,148.1,3823.9
2016-10-03,148.87,3825.4
2016-09-30,145.34,3687.84
2016-09-29,148.47,3701.37
2016-09-28,147.18,3660.03
2016-09-27,147.53,3455.56
2016-09-26,149.1,3559.3
2016-09-23,151.5,3449.55
2016-09-22,154.18,3581.85
2016-09-21,150.67,3520.21
2016-09-20,149.3,3448.8
2016-09-19,148.66,3454.06
2016-09-16,147.0,3440.53
2016-09-15,149.14,3502.17
2016-09-14,150.86,3446.54
2016-09-13,149.8,3540.51
2016-09-12,151.43,3632.21
2016-09-09,151.6,3608.91
2016-09-08,153.45,3757.75
2016-09-07,154.33,3606.66
2016-09-06,150.64,3552.53
2016-09-05,149.5,3580.35
2016-09-02,146.88,3520.21
2016-09-01,144.25,3416.48
2016-08-31,143.5,3536.0
2016-08-30,143.18,3635.97
2016-08-29,143.55,3702.87
2016-08-26,145.25,3752.49
2016-08-25,142.84,3733.69
2016-08-24,139.5,3687.09
2016-08-23,140.35,3755.49
2016-08-22,137.37,3695.36
2016-08-19,135.8,3824.65
2016-08-18,137.0,3825.4
2016-08-17,138.44,3747.22
2016-08-16,138.1,3700.62
2016-08-15,139.5,3634.47
2016-08-12,139.45,3530.73
2016-08-11,139.7,3460.83
2016-08-10,138.3,3311.24
2016-08-09,139.2,3381.15
2016-08-08,139.45,3411.97
2016-08-05,138.69,3327.78
2016-08-04,137.14,3329.28
2016-08-03,135.73,3239.83
2016-08-02,135.06,3142.11
2016-08-01,138.52,3167.66
2016-07-29,139.15,3191.72
2016-07-28,136.85,3209.76
2016-07-27,136.9,3267.64
2016-07-26,135.75,3372.88
2016-07-25,136.0,3361.6
2016-07-22,137.8,3434.52
2016-07-21,138.5,3472.85
2016-07-20,138.57,3545.77
2016-07-19,139.47,3507.43
2016-07-18,139.93,3529.98
2016-07-15,138.12,3578.84
2016-07-14,140.0,3560.8
2016-07-13,139.4,3477.36
2016-07-12,140.4,3643.49
2016-07-11,137.2,3476.61
2016-07-08,134.41,3514.95
2016-07-07,131.8,3487.89
2016-07-06,129.36,3668.3
2016-07-05,131.85,3605.15
2016-07-04,134.6,3766.02
2016-07-01,133.85,3784.81
2016-06-30,133.0,3734.45
2016-06-29,133.88,3804.35
2016-06-28,129.57,3651.76
2016-06-27,126.2,3545.02
2016-06-24,133.4,3638.98
2016-06-23,138.0,3826.9
2016-06-22,134.81,3749.48
2016-06-21,133.39,3805.11
2016-06-20,132.13,3807.36
2016-06-17,128.7,3696.11
2016-06-16,127.1,3547.27
2016-06-15,129.89,3681.07
2016-06-14,127.08,3745.72
2016-06-10,133.5,3799.09
2016-06-09,139.61,3905.08
2016-06-08,139.39,3947.18
2016-06-07,139.97,3866.74
2016-06-06,133.99,3799.84
2016-06-03,131.59,3731.44
2016-06-02,132.3,3761.51
2016-06-01,131.36,3737.45
2016-05-31,132.56,3735.2
2016-05-30,134.45,3740.46
2016-05-27,133.2,3707.38
2016-05-26,132.16,3727.68
2016-05-25,127.87,3738.96
2016-05-24,123.5,3654.01
2016-05-23,121.51,3634.47
2016-05-20,121.9,3662.28
2016-05-19,120.5,3669.05
2016-05-18,123.12,3678.07
2016-05-17,122.71,3704.38
2016-05-16,122.6,3681.07
2016-05-13,121.07,3595.38
2016-05-12,121.2,3614.17
2016-05-11,123.45,3578.09
2016-05-10,119.55,3421.74
2016-05-06,120.64,3410.46
2016-05-05,120.92,3383.4
2016-05-04,120.96,3354.09
2016-04-29,123.55,3617.93
2016-04-28,124.39,3618.68
2016-04-27,120.8,3546.52
2016-04-26,119.7,3438.28
2016-04-25,120.08,3343.56
2016-04-22,121.25,3390.92
2016-04-21,119.17,3347.32
2016-04-20,123.75,3442.79
2016-04-19,121.5,3309.74
2016-04-18,118.2,3225.54
2016-04-15,119.3,3239.83
2016-04-14,119.3,3295.45
2016-04-13,119.5,3321.01
2016-04-12,117.95,3359.35
2016-04-11,117.35,3219.53
2016-04-08,112.92,3152.63
2016-04-07,108.51,2963.95
2016-04-06,108.0,2994.77
2016-04-05,106.87,2846.69
2016-04-04,108.2,2833.16
2016-04-01,108.52,2906.82
2016-03-31,109.9,2976.73
2016-03-30,109.15,2951.17
2016-03-29,107.05,2942.15
2016-03-28,108.12,3027.1
2016-03-24,108.06,3039.87
2016-03-23,109.1,3042.13
2016-03-22,111.49,3141.35
2016-03-21,112.07,3122.56
2016-03-18,112.4,3097.0
2016-03-17,109.47,3122.56
2016-03-16,107.0,3031.61
2016-03-15,106.46,2912.09
2016-03-14,109.26,2971.47
2016-03-11,109.26,3036.12
2016-03-10,108.84,3010.56
2016-03-09,108.15,3087.23
2016-03-07,109.47,3069.94
2016-03-04,108.99,2910.58
2016-03-03,106.99,2786.55
2016-03-02,106.12,2776.03
2016-03-01,108.26,2767.01
2016-02-29,107.0,2703.86
2016-02-26,106.24,2638.47
2016-02-25,104.05,2652.75
2016-02-24,102.1,2586.6
2016-02-22,103.2,2607.65
2016-02-19,101.5,2481.36
2016-02-18,102.7,2576.83
2016-02-17,99.2,2593.36
2016-02-16,96.51,2418.97
2016-02-15,95.25,2509.93
2016-02-12,94.85,2507.67
2016-02-11,94.2,2259.61
2016-02-10,96.35,2318.24
2016-02-09,93.89,2279.15
2016-02-08,94.7,2471.59
2016-02-05,97.2,2560.29
2016-02-04,97.57,2590.36
2016-02-03,94.53,2633.96
2016-02-02,94.4,2459.56
2016-02-01,96.5,2573.82
2016-01-29,96.5,2611.41
2016-01-28,96.69,2547.51
2016-01-27,95.75,2488.13
2016-01-26,91.5,2390.41
2016-01-25,91.0,2292.68
2016-01-22,91.5,2418.97
2016-01-21,86.0,2198.72
2016-01-20,83.83,2095.74
2016-01-19,86.68,2161.89
2016-01-18,86.15,2146.1
2016-01-15,87.27,2175.42
2016-01-14,93.04,2332.53
2016-01-13,91.5,2278.4
2016-01-12,91.71,2319.75
2016-01-11,91.03,2371.61
2016-01-06,96.85,2573.07
2016-01-05,98.89,2737.69
2016-01-04,98.01,2797.83
2015-12-30,101.26,2740.7
2015-12-29,101.82,2840.67
2015-12-28,100.2,2752.73
2015-12-24,101.35,2848.19
2015-12-23,102.96,2808.35
2015-12-22,99.8,2714.39
2015-12-21,98.73,2732.43
2015-12-18,98.81,2772.27
2015-12-17,103.75,2785.8
2015-12-16,102.45,2795.57
2015-12-15,100.0,2890.29
2015-12-14,97.7,2850.45
2015-12-11,98.15,2851.2
2015-12-10,100.13,2986.5
2015-12-09,100.66,3015.07
2015-12-08,97.0,3026.34
2015-12-07,103.0,3061.67
2015-12-04,103.05,3232.31
2015-12-03,104.0,3295.45
2015-12-02,102.5,3193.97
2015-12-01,101.3,3340.55
2015-11-30,102.9,3353.33
2015-11-27,104.55,3372.13
2015-11-26,106.48,3417.23
2015-11-25,108.51,3470.6
2015-11-24,105.6,3466.84
2015-11-23,109.98,3369.87
2015-11-20,107.3,3357.09
2015-11-19,104.86,3321.01
2015-11-18,104.0,3318.0
2015-11-17,102.5,3275.16
2015-11-16,95.8,3349.58
2015-11-13,93.4,3278.16
2015-11-12,94.29,3311.99
2015-11-11,94.0,3443.54
2015-11-10,94.35,3566.06
2015-11-09,92.95,3547.27
2015-11-06,94.09,3564.56
2015-11-05,95.5,3606.66
2015-11-03,95.4,3799.09
2015-11-02,93.65,3667.54
2015-10-30,90.53,3725.43
2015-10-29,88.6,3668.3
2015-10-28,90.05,3687.09
2015-10-27,89.0,3518.71
2015-10-26,92.3,3573.58
2015-10-23,90.45,3607.41
2015-10-22,86.53,3614.17
2015-10-21,86.95,3596.88
2015-10-20,88.14,3661.53
2015-10-19,87.07,3654.01
2015-10-16,88.52,3793.08
2015-10-15,87.7,3661.53
2015-10-14,86.81,3694.61
2015-10-13,85.0,3701.37
2015-10-12,85.45,3747.98
2015-10-09,85.77,3957.7
2015-10-08,83.11,3987.77
2015-10-07,79.65,3858.48
2015-10-06,77.31,3902.83
2015-10-05,76.2,3702.12
2015-10-02,73.8,3617.93
2015-10-01,74.51,3584.86
2015-09-30,75.3,3635.97
2015-09-29,75.5,3625.45
2015-09-28,74.57,3558.55
2015-09-25,74.97,3653.26
2015-09-24,73.33,3620.94
2015-09-23,73.74,3589.37
2015-09-22,74.39,3689.34
2015-09-21,75.94,3677.32
2015-09-18,75.5,3568.32
2015-09-17,76.49,3689.34
2015-09-16,77.71,3739.71
2015-09-15,74.85,3505.18
2015-09-14,74.88,3485.63
2015-09-11,74.1,3618.68
2015-09-10,74.3,3675.06
2015-09-09,74.65,3576.59
2015-09-08,74.9,3722.42
2015-09-07,73.81,3580.35
2015-09-04,73.96,3729.18
2015-09-03,74.15,3809.62
2015-09-02,72.9,3796.08
2015-09-01,73.14,3725.43
2015-08-31,74.5,4070.46
2015-08-28,74.82,3762.26
2015-08-27,73.8,3575.09
2015-08-26,71.0,3242.83
2015-08-25,70.79,3248.1
2015-08-24,68.53,3209.01
2015-08-21,69.86,3417.23
2015-08-20,72.05,3504.43
2015-08-19,71.5,3545.02
2015-08-18,72.45,3669.05
2015-08-17,73.0,3663.79
2015-08-14,74.43,3685.59
2015-08-13,73.7,3699.87
2015-08-12,73.4,3732.94
2015-08-11,73.2,3696.86
2015-08-10,75.16,3789.32
2015-08-07,74.2,3654.01
2015-08-06,72.25,3722.42
2015-08-05,73.49,3727.68
2015-08-04,72.3,3757.75
2015-08-03,71.1,3722.42
2015-07-31,72.3,3924.63
2015-07-30,72.2,4007.31
2015-07-29,71.2,4012.57
2015-07-28,69.55,4006.56
2015-07-27,68.48,4019.34
2015-07-24,70.45,4105.79
2015-07-23,72.7,4154.65
2015-07-22,74.6,4219.29
2015-07-21,75.55,4287.7
2015-07-20,74.1,4258.38
2015-07-17,75.52,4292.21
2015-07-16,74.21,4323.03
2015-07-15,74.0,4288.45
2015-07-14,73.9,4398.2
2015-07-13,72.94,4348.58
2015-07-10,71.06,4414.73
2015-07-09,69.35,4405.71
2015-07-08,67.73,4288.45
2015-07-07,68.77,4273.41
2015-07-06,68.45,4250.11
2015-07-03,70.67,4534.25
2015-07-02,70.54,4665.8
2015-07-01,71.0,4661.29
2015-06-30,72.35,4780.06
2015-06-29,70.2,4661.29
2015-06-26,70.6,4755.25
2015-06-25,71.42,4750.74
2015-06-24,71.98,4772.54
2015-06-23,72.01,4844.71
2015-06-22,72.0,4761.27
2015-06-19,71.56,4737.21
2015-06-18,72.98,4830.42
2015-06-17,72.81,4801.11
2015-06-16,73.5,4788.33
2015-06-15,71.8,4706.39
2015-06-11,72.55,4894.32
2015-06-10,71.51,4938.67
2015-06-09,70.21,4877.03
2015-06-08,69.17,4712.41
2015-06-05,70.61,4759.01
2015-06-04,71.25,4662.8
2015-06-03,71.72,4795.85
2015-06-02,73.92,4922.88
2015-06-01,72.65,4877.03
2015-05-29,73.5,4928.15
2015-05-28,73.6,4704.14
2015-05-27,74.23,4665.05
2015-05-26,74.67,4789.83
2015-05-25,74.46,4925.14
2015-05-22,74.35,4913.86
2015-05-21,73.25,5001.81
2015-05-20,71.6,4888.31
2015-05-19,73.35,4812.38
2015-05-18,75.36,4981.52
2015-05-15,75.05,5022.11
2015-05-14,74.31,5005.57
2015-05-13,75.24,5022.11
2015-05-12,75.19,5025.87
2015-05-08,75.5,4915.37
2015-05-07,76.5,4926.64
2015-05-06,79.2,5094.27
2015-05-05,80.21,5075.48
2015-04-30,76.9,5019.85
2015-04-29,75.2,4949.19
2015-04-28,75.7,4858.99
2015-04-27,75.2,4873.27
2015-04-24,75.75,4907.1
2015-04-23,75.8,4874.77
2015-04-22,73.9,4715.41
2015-04-21,75.24,4666.55
2015-04-20,73.5,4769.54
2015-04-17,72.5,4769.54
2015-04-16,76.5,4809.38
2015-04-15,76.49,4534.25
2015-04-14,74.05,4392.18
2015-04-13,74.1,4354.6
2015-04-10,71.5,4350.09
2015-04-09,72.0,4252.37
2015-04-08,69.4,4175.69
2015-04-07,69.6,4442.55
2015-04-06,68.99,4368.88
2015-04-03,65.5,4111.8
2015-04-02,65.92,4130.59
2015-04-01,64.5,4292.21
2015-03-31,62.88,4142.62
2015-03-30,63.01,4231.32
2015-03-27,61.0,4240.34
2015-03-26,62.85,4449.31
2015-03-25,64.8,4245.6
2015-03-24,65.6,4142.62
2015-03-23,65.0,4203.51
2015-03-20,67.0,4158.4
2015-03-19,64.9,4091.5
2015-03-18,65.26,4202.75
2015-03-17,64.65,4022.35
2015-03-16,65.57,4017.08
2015-03-13,67.87,4109.54
2015-03-12,70.79,4290.7
2015-03-11,70.68,4325.28
2015-03-10,69.8,4238.84
2015-03-06,73.25,4489.9
2015-03-05,72.7,4546.28
2015-03-04,72.31,4551.54
2015-03-03,75.55,4586.87
2015-03-02,76.2,4475.62
2015-02-27,75.91,4704.14
2015-02-26,75.95,4513.96
2015-02-25,74.2,4632.73
2015-02-24,73.7,4409.47
2015-02-20,74.75,4526.74
2015-02-19,73.78,4525.99
2015-02-18,76.4,4550.04
2015-02-17,72.45,4700.38
2015-02-16,70.0,4615.44
2015-02-13,70.6,4624.46
2015-02-12,67.21,4288.45
2015-02-11,65.12,4108.79
2015-02-10,65.0,4241.84
2015-02-09,65.57,4385.42
2015-02-06,64.31,4344.83
2015-02-05,62.41,4252.37
2015-02-04,61.04,4071.21
2015-02-03,62.0,4353.09
2015-02-02,61.4,4115.56
2015-01-30,61.5,3983.26
2015-01-29,60.5,3693.1
2015-01-28,60.63,3643.49
2015-01-27,61.2,3728.43
2015-01-26,60.49,3620.19
2015-01-23,64.45,3667.54
2015-01-22,64.35,3647.25
2015-01-21,62.8,3685.59
2015-01-20,60.8,3607.41
2015-01-19,61.8,3671.3
2015-01-16,61.99,3771.28
2015-01-15,61.8,3583.35
2015-01-14,60.05,3660.03
2015-01-13,60.31,3502.17
2015-01-12,62.9,3565.31
2015-01-09,63.1,3766.77
2015-01-08,65.7,3830.66
2015-01-06,58.28,3841.19
2015-01-05,56.37,3992.28
2014-12-30,54.9,4352.34
2014-12-29,54.51,4350.84
2014-12-26,57.13,4468.86
2014-12-24,55.0,4528.24
2014-12-23,54.0,4637.24
2014-12-22,58.6,4518.47
2014-12-19,61.44,4613.93
2014-12-18,62.91,4455.33
2014-12-17,59.9,4598.9
2014-12-16,53.5,4499.68
2014-12-15,60.63,4589.88
2014-12-12,64.2,4649.26
2014-12-11,65.95,4786.83
2014-12-10,67.77,4828.92
2014-12-09,66.26,5024.36
2014-12-08,65.3,4975.5
2014-12-05,68.6,5191.99
2014-12-04,71.04,5234.84
2014-12-03,72.0,5255.89
2014-12-02,71.64,5302.49
2014-12-01,73.79,5452.83
2014-11-28,72.25,5273.18
2014-11-27,73.04,5455.84
2014-11-26,73.85,5844.47
2014-11-25,74.11,5888.07
2014-11-24,74.4,5989.55
2014-11-21,74.39,6040.66
2014-11-20,73.63,5963.24
2014-11-19,73.9,5870.78
2014-11-18,75.21,5898.59
2014-11-17,73.97,5961.73
2014-11-14,74.15,5969.25
2014-11-13,74.03,5857.25
2014-11-12,76.32,6042.16
2014-11-11,77.34,6139.13
2014-11-10,77.78,6189.5
2014-11-07,75.69,6268.43
2014-11-06,75.05,6228.59
2014-11-05,75.65,6235.35
2014-11-03,76.29,6372.91
2014-10-31,76.23,6454.1
2014-10-30,74.98,6482.66
2014-10-29,74.05,6548.81
2014-10-28,73.9,6466.88
2014-10-27,72.9,6451.84
2014-10-24,72.49,6474.39
2014-10-23,71.59,6527.01
2014-10-22,71.82,6367.65
2014-10-21,72.5,6481.16
2014-10-20,72.25,6419.52
2014-10-17,73.15,6476.65
2014-10-16,71.12,6349.61
2014-10-15,73.08,6297.74
2014-10-14,74.55,6392.46
2014-10-13,74.26,6681.86
2014-10-10,73.5,6781.09
2014-10-09,73.65,6769.06
2014-10-08,73.8,6869.03
2014-10-07,75.32,6923.91
2014-10-06,76.33,6975.02
2014-10-03,73.77,6938.94
2014-10-02,73.15,7022.38
2014-10-01,74.26,7078.01
2014-09-30,75.52,7116.34
2014-09-29,76.7,7306.52
2014-09-26,77.6,7291.49
2014-09-25,78.01,7291.49
2014-09-24,79.05,7287.73
2014-09-23,77.68,7280.21
2014-09-22,76.0,7289.23
2014-09-19,77.4,7395.98
2014-09-18,77.98,7344.11
2014-09-17,78.66,7439.57
2014-09-16,77.6,7445.59
2014-09-15,75.63,7265.18
2014-09-12,76.65,7299.76
2014-09-11,76.3,7372.67
2014-09-10,78.67,7369.67
2014-09-09,79.41,7453.86
2014-09-08,78.69,7532.03
2014-09-05,80.25,7578.64
2014-09-04,79.39,7654.56
2014-09-03,78.5,7725.22
2014-09-02,73.76,7542.56
2014-09-01,73.68,7726.72
2014-08-29,73.21,7756.79
2014-08-28,74.59,7701.92
2014-08-27,77.93,7721.46
2014-08-26,77.44,7704.92
2014-08-25,78.56,7716.2
2014-08-22,78.39,7689.14
2014-08-21,78.4,7714.7
2014-08-20,76.9,7688.39
2014-08-19,76.0,7634.27
2014-08-18,75.15,7637.27
2014-08-15,75.05,7782.35
2014-08-14,74.99,7668.09
2014-08-13,74.84,7838.73
2014-08-12,73.35,7744.01
2014-08-11,74.21,7868.8
2014-08-08,70.7,7894.35
2014-08-07,68.5,7925.92
2014-08-06,69.0,7862.03
2014-08-05,71.6,7863.53
2014-08-04,72.75,7923.67
2014-08-01,72.37,7880.82
2014-07-31,73.6,7969.52
2014-07-30,73.68,8006.36
2014-07-29,73.2,8097.31
2014-07-28,72.82,8086.04
2014-07-25,75.16,8147.68
2014-07-24,76.87,8048.45
2014-07-23,77.45,8120.62
2014-07-22,78.3,8068.0
2014-07-21,76.56,8094.31
2014-07-18,80.27,8061.23
2014-07-17,81.5,8110.09
2014-07-16,83.78,7956.74
2014-07-15,83.09,7969.52
2014-07-14,83.55,8041.69
2014-07-11,84.55,8017.63
2014-07-10,84.47,8168.72
2014-07-09,85.2,8139.41
2014-07-08,85.11,8189.02
2014-07-07,85.49,8286.74
2014-07-04,84.0,8316.81
2014-07-03,85.34,8343.87
2014-07-02,85.79,8361.91
2014-07-01,84.07,8440.84
2014-06-30,84.5,8446.1
2014-06-27,84.33,8516.76
2014-06-26,84.1,8510.0
2014-06-25,84.4,8569.38
2014-06-24,86.5,8603.96
2014-06-23,83.68,8578.4
2014-06-20,84.16,8630.27
2014-06-19,84.8,8649.06
2014-06-18,83.77,8588.92
2014-06-17,83.8,8528.04
2014-06-16,84.85,8489.7
2014-06-11,89.0,8264.94
2014-06-10,88.99,8232.62
2014-06-09,88.89,8267.95
2014-06-06,89.0,8164.21
2014-06-05,87.43,8177.74
2014-06-04,87.81,8148.43
2014-06-03,86.84,8180.0
2014-06-02,85.91,8180.75
2014-05-30,84.5,8224.35
2014-05-29,85.65,8266.44
2014-05-28,84.95,8254.42
2014-05-27,84.33,8270.2
2014-05-26,86.87,8292.75
2014-05-23,85.83,8309.29
2014-05-22,83.26,8295.76
2014-05-21,83.59,8310.04
2014-05-20,82.31,8245.4
2014-05-19,81.62,8221.34
2014-05-16,79.2,8249.91
2014-05-15,80.04,8301.77
2014-05-14,81.38,8282.98
2014-05-13,80.15,8211.57
2014-05-12,79.08,8149.18
2014-05-08,78.8,8121.37
2014-05-07,78.5,8128.13
2014-05-06,74.1,8047.7
2014-05-05,71.99,8097.31
2014-05-02,72.22,8162.71
2014-04-30,72.5,8123.62
2014-04-29,72.8,8192.03
2014-04-28,73.39,8127.38
2014-04-25,69.91,8237.13
2014-04-24,73.21,8293.51
2014-04-23,75.56,8201.8
2014-04-22,76.3,8213.83
2014-04-21,77.62,8264.94
2014-04-18,78.82,8209.32
2014-04-17,76.89,8233.37
2014-04-16,76.13,8238.63
2014-04-15,75.2,8173.99
2014-04-14,78.35,8198.79
2014-04-11,79.75,8068.0
2014-04-10,79.9,8077.77
2014-04-09,78.85,8116.86
2014-04-08,79.41,8093.55
2014-04-07,79.95,7954.49
2014-04-04,82.98,8022.14
2014-04-03,81.51,7979.3
2014-04-02,82.67,7877.06
2014-04-01,83.88,7939.46
2014-03-31,83.8,8100.32
2014-03-28,81.36,8123.62
2014-03-27,79.9,8105.58
2014-03-26,82.5,8045.45
2014-03-25,81.7,8042.44
2014-03-24,78.4,8028.91
2014-03-21,78.47,8037.18
2014-03-20,79.5,8001.85
2014-03-19,80.83,7956.74
2014-03-18,81.43,8027.4
2014-03-17,76.97,7986.06
2014-03-14,71.75,8161.21
2014-03-13,69.84,8072.51
2014-03-12,72.46,8119.86
2014-03-11,76.57,8159.7
2014-03-07,79.99,8193.53
2014-03-06,80.24,8125.88
2014-03-05,81.46,8100.32
2014-03-04,81.55,8216.08
2014-03-03,77.57,8358.9
2014-02-28,91.16,8198.79
2014-02-27,90.12,8190.52
2014-02-26,92.29,8232.62
2014-02-25,94.17,8231.87
2014-02-24,94.69,8316.81
2014-02-21,95.0,8257.42
2014-02-20,94.63,8291.25
2014-02-19,94.9,8304.03
2014-02-18,96.62,8303.28
2014-02-17,97.49,8207.06
2014-02-14,96.65,8199.54
2014-02-13,95.5,8173.23
2014-02-12,96.84,8177.74
2014-02-11,96.12,8169.48
2014-02-10,95.47,8165.72
2014-02-07,96.53,8236.38
2014-02-06,96.62,8057.47
2014-02-05,95.45,7986.81
2014-02-04,94.07,7951.48
2014-02-03,94.66,7971.03
2014-01-31,94.7,7998.09
2014-01-30,95.8,8114.6
2014-01-29,95.98,8107.08
2014-01-28,97.36,8074.01
2014-01-27,97.78,8019.89
2014-01-24,99.7,8109.34
2014-01-23,101.7,8086.79
2014-01-22,102.17,8138.66
2014-01-21,102.2,8022.89
2014-01-20,101.96,7994.33
2014-01-17,101.17,8004.1
2014-01-16,100.65,8049.96
2014-01-15,100.77,8052.96
2014-01-14,99.24,7997.34
2014-01-13,100.25,8024.4
2014-01-10,99.2,8061.98
2014-01-09,98.0,7997.34
2014-01-08,98.19,8054.47
2014-01-06,98.91,8022.89
2013-12-30,101.17,8359.66
2013-12-27,100.68,8432.57
2013-12-26,101.95,8417.54
2013-12-25,101.62,8439.34
2013-12-24,101.96,8411.52
2013-12-23,102.45,8385.97
2013-12-20,102.2,8401.75
2013-12-19,101.78,8290.5
2013-12-18,100.18,8240.89
2013-12-17,100.15,8151.43
2013-12-16,99.85,8304.03
2013-12-13,98.94,8180.75
2013-12-12,98.96,8168.72
2013-12-11,100.65,8246.15
2013-12-10,100.16,8222.09
2013-12-09,101.0,8222.85
2013-12-06,99.9,8389.72
2013-12-05,98.25,8342.37
2013-12-04,98.95,8410.02
2013-12-03,100.24,8465.65
2013-12-02,102.36,8377.7
2013-11-29,103.07,8245.4
2013-11-28,102.69,8333.35
2013-11-27,102.77,8367.17
2013-11-26,103.02,8334.85
2013-11-25,105.31,8343.87
2013-11-22,105.1,8347.63
2013-11-21,104.78,8274.71
2013-11-20,106.0,8122.87
2013-11-19,106.19,8037.18
2013-11-18,105.5,8153.69
2013-11-15,103.69,8155.95
2013-11-14,103.7,8158.95
2013-11-13,101.81,8052.21
2013-11-12,104.25,7953.74
2013-11-11,101.77,7998.09
2013-11-08,101.86,7901.87
2013-11-07,103.55,7777.09
2013-11-06,102.59,7910.89
2013-11-05,102.47,7917.66
2013-11-01,103.65,7961.25
2013-10-31,102.74,8181.5
2013-10-30,103.11,8258.18
2013-10-29,102.8,8194.28
2013-10-28,102.84,8239.38
2013-10-25,102.99,8037.93
2013-10-24,102.86,8042.44
2013-10-23,103.29,8103.33
2013-10-22,105.4,8266.44
2013-10-21,105.43,8241.64
2013-10-18,105.14,8264.19
2013-10-17,103.33,8201.8
2013-10-16,104.05,8333.35
2013-10-15,104.55,8265.69
2013-10-14,102.93,8346.88
2013-10-11,102.87,8364.92
2013-10-10,103.43,8404.01
2013-10-09,101.48,8198.04
2013-10-08,102.11,8280.73
2013-10-07,100.3,8244.65
2013-10-04,100.39,8228.11
2013-10-03,98.24,8193.53
2013-10-02,97.74,8207.81
2013-10-01,99.16,8113.85
2013-09-30,97.86,8146.17
2013-09-27,98.59,8165.72
2013-09-26,101.67,8209.32
2013-09-25,101.95,8142.41
2013-09-24,100.5,8166.47
2013-09-23,101.82,8130.39
2013-09-20,102.36,8210.07
2013-09-19,102.33,8175.49
2013-09-18,99.79,8313.8
2013-09-17,99.6,8132.64
2013-09-16,98.97,8273.96
2013-09-13,95.82,8477.67
2013-09-12,95.53,8466.4
2013-09-11,95.5,8381.46
2013-09-10,96.55,8362.66
2013-09-09,94.81,8548.33
2013-09-06,92.47,8728.74
2013-09-05,92.78,8664.09
2013-09-04,90.33,8637.78
2013-09-03,90.45,8695.67
2013-09-02,89.48,8594.19
2013-08-30,88.23,8570.13
2013-08-29,89.82,8656.58
2013-08-28,89.39,8765.57
2013-08-27,90.06,8596.44
2013-08-26,91.29,8323.57
2013-08-23,91.91,8346.88
2013-08-22,92.08,8261.18
2013-08-21,90.63,8254.42
2013-08-20,91.75,8279.98
2013-08-19,93.6,8261.18
2013-08-16,93.8,8298.77
2013-08-15,95.42,8352.14
2013-08-14,98.0,8283.73
2013-08-13,97.39,8255.17
2013-08-12,96.24,8191.27
2013-08-09,95.7,8134.9
2013-08-08,94.02,8019.14
2013-08-07,94.41,8076.26
2013-08-06,94.71,8131.89
2013-08-05,96.22,8170.98
2013-08-02,96.99,8189.77
2013-08-01,96.84,8234.12
2013-07-31,95.23,8095.81
2013-07-30,94.06,8036.42
2013-07-29,94.28,8077.02
2013-07-26,94.81,8055.97
2013-07-25,95.77,8092.05
2013-07-24,96.46,8057.47
2013-07-23,96.85,8149.93
2013-07-22,97.77,8129.64
2013-07-19,99.99,8123.62
2013-07-18,98.39,8170.98
2013-07-17,101.15,8164.21
2013-07-16,99.47,8223.6
2013-07-15,99.9,8200.3
2013-07-12,98.57,8179.25
2013-07-11,95.51,8098.06
2013-07-10,91.14,8156.7
2013-07-09,92.39,8104.08
2013-07-08,92.84,8075.51
2013-07-05,93.2,8097.31
2013-07-04,93.95,7933.44
2013-07-03,93.04,7949.98
2013-07-02,94.8,7817.68
2013-07-01,95.42,7742.51
2013-06-28,93.68,7679.37
2013-06-27,93.24,7728.98
2013-06-26,92.51,7641.78
2013-06-25,89.57,7611.71
2013-06-24,88.88,7604.2
2013-06-21,91.5,7585.4
2013-06-20,91.3,7678.62
2013-06-19,94.57,7977.04
2013-06-18,96.37,7969.52
2013-06-17,95.64,7928.18
2013-06-14,93.7,7962.76
2013-06-13,91.77,7836.47
2013-06-11,94.66,7739.5
2013-06-10,97.8,7813.92
2013-06-07,99.2,7859.78
2013-06-06,96.8,7788.36
2013-06-05,97.5,7745.52
2013-06-04,98.79,7760.55
2013-06-03,98.7,7671.85
2013-05-31,99.05,7546.32
2013-05-30,100.07,7681.62
2013-05-29,99.96,7699.66
2013-05-28,104.1,7834.97
2013-05-27,102.87,7713.95
2013-05-24,103.08,7715.45
2013-05-23,105.55,7700.41
2013-05-22,110.74,7712.44
2013-05-21,108.86,7810.91
2013-05-20,106.65,7877.82
2013-05-17,105.19,7865.79
2013-05-16,102.37,7802.65
2013-05-15,103.12,7793.63
2013-05-14,103.95,7712.44
2013-05-13,103.22,7728.98
2013-05-10,103.57,7810.91
2013-05-08,105.76,7843.24
2013-05-07,105.23,7847.75
2013-05-06,102.49,7927.43
2013-05-03,103.0,7831.96
2013-05-02,100.86,7731.23
2013-04-30,99.11,7695.15
2013-04-29,94.66,7803.4
2013-04-26,95.8,7754.54
2013-04-25,96.47,7773.33
2013-04-24,97.96,7647.04
2013-04-23,96.52,7540.3
2013-04-22,95.05,7546.32
2013-04-19,96.4,7490.69
2013-04-18,95.44,7451.6
2013-04-17,94.46,7343.36
2013-04-16,95.82,7510.23
2013-04-15,95.62,7546.32
2013-04-12,98.36,7750.78
2013-04-11,102.4,7837.98
2013-04-10,103.37,7952.23
2013-04-09,102.5,7985.31
2013-04-08,100.47,7867.29
2013-04-05,99.26,7826.7
2013-04-04,99.93,7993.58
2013-04-03,99.46,8051.46
2013-04-02,99.12,8320.57
2013-04-01,98.03,8349.88
2013-03-29,98.86,8236.38
2013-03-28,98.6,8270.2
2013-03-27,96.87,8245.4
2013-03-26,97.11,8220.59
2013-03-25,98.7,8131.14
2013-03-22,99.37,8092.8
2013-03-21,101.7,8078.52
2013-03-20,102.38,8172.48
2013-03-19,99.72,8077.02
2013-03-18,100.46,8231.87
2013-03-15,104.42,8255.17
2013-03-14,104.81,8225.1
2013-03-13,104.43,8157.45
2013-03-12,106.07,8242.39
2013-03-11,106.78,8285.24
2013-03-07,105.31,8355.15
2013-03-06,105.33,8348.38
2013-03-05,103.91,8389.72
2013-03-04,102.9,8275.47
2013-03-01,103.09,8298.77
2013-02-28,104.57,8372.43
2013-02-27,103.45,8409.27
2013-02-26,104.14,8472.41
2013-02-25,106.61,8602.45
2013-02-22,106.12,8576.9
2013-02-21,106.74,8534.05
2013-02-20,107.82,8689.65
2013-02-19,108.73,8833.98
2013-02-18,106.23,8823.45
2013-02-15,105.08,8844.5
2013-02-14,107.62,8870.06
2013-02-13,108.8,8924.18
2013-02-12,108.48,8919.67
2013-02-11,107.04,8879.83
2013-02-08,107.08,8937.71
2013-02-07,105.65,8812.93
2013-02-06,106.8,8774.59
2013-02-05,107.75,8758.81
2013-02-04,107.2,8689.65
2013-02-01,108.36,8776.85
2013-01-31,109.59,8685.89
2013-01-30,107.8,8637.03
2013-01-29,106.55,8596.44
2013-01-28,106.9,8530.29
2013-01-25,103.67,8515.26
2013-01-24,102.48,8515.26
2013-01-23,103.45,8479.18
2013-01-22,102.35,8450.61
2013-01-21,103.64,8397.24
2013-01-18,103.48,8410.77
2013-01-17,101.15,8351.39
2013-01-16,99.97,8314.55
2013-01-15,99.85,8291.25
2013-01-14,100.99,8410.02
2013-01-11,99.56,8316.81
2013-01-10,98.41,8410.77
2013-01-09,98.23,8401.0
2013-01-08,98.37,8414.53
2012-12-28,92.94,8315.31
2012-12-27,92.82,8328.84
2012-12-26,92.35,8349.13
2012-12-25,92.38,8204.05
2012-12-24,92.5,8178.5
2012-12-21,93.5,8191.27
2012-12-20,94.69,8283.73
2012-12-19,94.53,8295.76
2012-12-18,95.11,8181.5
2012-12-17,93.54,8091.3
2012-12-14,93.42,8204.81
2012-12-13,93.39,8111.59
2012-12-12,93.86,8231.12
2012-12-11,93.52,8119.11
2012-12-10,93.59,8068.0
2012-12-07,93.2,8044.69
2012-12-06,93.58,8045.45
2012-12-05,93.83,8179.25
2012-12-04,91.84,8256.67
2012-12-03,92.8,8337.86
2012-11-30,91.41,8361.16
2012-11-29,87.91,8325.83
2012-11-28,87.73,8231.87
2012-11-27,89.2,8258.93
2012-11-26,89.2,8337.86
2012-11-23,89.31,8372.43
2012-11-22,88.01,8310.04
2012-11-21,87.88,8333.35
2012-11-20,87.0,8255.92
2012-11-19,87.34,8396.49
2012-11-16,85.98,8189.77
2012-11-15,86.09,8342.37
2012-11-14,84.72,8239.38
2012-11-13,84.31,8137.9
2012-11-12,86.78,8198.79
2012-11-09,85.8,8223.6
2012-11-08,86.34,8061.98
2012-11-07,89.95,8029.66
2012-11-06,91.34,8349.13
2012-11-02,91.95,7943.97
2012-11-01,91.84,8131.14
2012-10-31,91.79,8170.98
2012-10-30,91.2,8199.54
2012-10-29,91.7,8226.6
2012-10-26,91.95,8234.87
2012-10-25,92.89,8155.19
2012-10-24,93.38,8107.08
2012-10-23,93.59,8137.15
2012-10-22,94.1,8226.6
2012-10-19,93.19,8279.22
2012-10-18,93.7,8450.61
2012-10-17,93.12,8510.75
2012-10-16,92.19,8649.81
2012-10-15,91.28,8704.69
2012-10-12,91.5,8615.99
2012-10-11,92.64,8697.92
2012-10-10,92.29,8594.19
2012-10-09,92.63,8606.96
2012-10-08,92.6,8405.51
2012-10-05,93.02,8420.54
2012-10-04,91.47,8462.64
2012-10-03,91.92,8131.14
2012-10-02,91.9,8386.72
2012-10-01,92.33,8433.32
2012-09-28,90.99,8448.36
2012-09-27,90.07,8419.79
2012-09-26,90.75,8271.71
2012-09-25,93.75,8302.53
2012-09-24,94.17,8254.42
2012-09-21,94.16,8375.44
2012-09-20,93.77,8270.96
2012-09-19,93.78,8132.64
2012-09-18,94.75,8421.3
2012-09-17,95.57,8553.59
2012-09-14,97.05,8769.33
2012-09-13,92.75,8787.37
2012-09-12,93.58,8716.71
2012-09-11,94.03,8674.62
2012-09-10,94.44,8630.27
2012-09-07,93.86,8588.17
2012-09-06,93.95,8531.04
2012-09-05,92.85,8500.98
2012-09-04,93.09,8582.91
2012-09-03,94.08,8703.18
2012-08-31,93.16,8612.23
2012-08-30,93.49,8467.9
2012-08-29,94.54,8459.63
2012-08-28,94.48,8462.64
2012-08-27,92.81,8438.58
2012-08-24,92.91,8538.56
2012-08-23,93.04,8645.3
2012-08-22,92.55,8637.78
2012-08-21,93.57,8617.49
2012-08-20,91.52,8546.83
2012-08-17,92.05,8547.58
2012-08-16,92.82,8787.37
2012-08-15,92.98,8738.51
2012-08-14,93.58,8571.64
2012-08-13,93.18,8539.31
2012-08-10,92.85,8490.45
2012-08-09,93.87,8510.75
2012-08-08,93.94,8429.56
2012-08-07,93.97,8419.04
2012-08-06,93.3,8234.87
2012-08-03,91.66,8189.02
2012-08-02,88.79,7960.5
2012-08-01,89.39,7965.01
2012-07-31,89.73,7886.84
2012-07-30,91.24,7983.05
2012-07-27,90.31,8003.35
2012-07-26,88.45,7912.39
2012-07-25,86.9,7846.24
2012-07-24,84.45,7774.08
2012-07-23,86.0,7762.05
2012-07-20,90.12,8030.41
2012-07-19,92.15,8103.33
2012-07-18,91.6,7904.88
2012-07-17,91.22,7817.68
2012-07-16,90.85,7783.85
2012-07-13,90.98,7697.41
2012-07-12,88.92,7597.43
2012-07-11,90.01,7534.29
2012-07-10,91.0,7364.4
2012-07-09,90.02,7541.05
2012-07-06,89.2,7380.94
2012-07-05,90.92,7569.62
2012-07-04,91.1,7499.71
2012-07-03,90.94,7568.12
2012-07-02,87.65,7317.05
2012-06-29,86.39,7351.63
2012-06-28,82.8,6867.53
2012-06-27,84.5,7028.4
2012-06-26,83.6,6992.31
2012-06-25,82.3,6841.22
2012-06-22,83.76,6838.97
2012-06-21,85.36,6707.42
2012-06-20,85.73,6967.51
2012-06-19,86.96,7198.28
2012-06-18,86.2,7220.08
2012-06-15,84.34,7337.34
2012-06-14,83.05,7293.75
2012-06-13,83.04,7301.26
2012-06-08,81.38,7477.16
2012-06-07,83.44,7511.74
2012-06-06,80.62,7565.11
2012-06-05,78.11,7429.8
2012-06-04,78.1,7430.55
2012-06-01,78.86,7398.98
2012-05-31,81.69,7657.57
2012-05-30,82.38,7777.84
2012-05-29,84.14,8019.14
2012-05-28,80.37,8051.46
2012-05-25,79.87,8030.41
2012-05-24,81.44,8009.36
2012-05-23,78.65,7934.95
2012-05-22,82.82,8149.18
2012-05-21,81.95,8179.25
2012-05-18,78.19,8053.71
2012-05-17,80.71,8080.02
2012-05-16,86.91,8397.24
2012-05-15,88.19,8437.08
2012-05-14,87.55,8386.72
2012-05-11,91.04,8438.58
2012-05-10,91.79,8473.91
2012-05-08,89.53,8473.91
2012-05-07,88.5,8506.24
2012-05-04,90.83,8507.74
2012-05-03,92.55,8725.73
2012-05-02,93.06,8885.09
2012-04-27,93.79,9007.62
2012-04-26,92.62,9014.39
2012-04-25,93.75,8954.25
2012-04-24,92.65,8882.09
2012-04-23,92.54,8923.43
2012-04-20,95.0,8927.19
2012-04-19,94.35,8870.06
2012-04-18,92.9,8867.8
2012-04-17,93.23,8928.69
2012-04-16,92.31,8921.18
2012-04-13,94.18,9157.96
2012-04-12,95.41,9148.94
2012-04-11,96.0,9033.93
2012-04-10,95.55,9011.38
2012-04-09,95.92,9221.1
2012-04-06,95.64,9233.88
2012-04-05,97.42,9278.23
2012-04-04,96.17,9196.3
2012-04-03,98.0,9385.73
2012-04-02,95.13,9428.57
2012-03-30,94.86,9236.89
2012-03-29,93.55,9200.06
2012-03-28,95.91,9333.11
2012-03-27,97.79,9436.84
2012-03-26,99.98,9445.11
2012-03-23,97.6,9406.02
2012-03-22,96.0,9256.43
2012-03-21,98.2,9336.11
2012-03-20,98.49,9330.1
2012-03-19,99.67,9449.62
2012-03-16,100.18,9457.14
2012-03-15,100.65,9287.25
2012-03-14,103.32,9393.99
2012-03-13,100.53,9487.96
2012-03-12,99.09,9421.81
2012-03-07,97.68,9330.1
2012-03-06,97.37,9169.24
2012-03-05,102.3,9306.05
2012-03-02,101.6,9294.77
2012-03-01,100.25,9486.45
2012-02-29,100.19,9220.35
2012-02-28,98.64,9136.91
2012-02-27,99.72,9333.86
2012-02-24,99.02,9431.58
2012-02-22,96.09,9238.39
2012-02-21,96.68,9145.18
2012-02-20,97.55,9024.16
2012-02-17,96.71,8988.83
2012-02-16,96.2,9028.67
2012-02-15,97.21,8939.97
2012-02-14,96.45,8882.09
2012-02-13,96.17,8864.8
2012-02-10,94.0,8818.19
2012-02-09,95.15,8914.41
2012-02-08,95.2,8809.92
2012-02-07,93.4,8737.01
2012-02-06,93.8,8714.46
2012-02-03,94.7,8612.98
2012-02-02,92.62,8424.3
2012-02-01,92.59,8385.97
2012-01-31,90.3,8342.37
2012-01-30,88.92,8325.08
2012-01-27,90.7,8378.45
2012-01-26,90.33,8328.08
2012-01-25,87.15,8254.42
2012-01-24,85.05,8270.96
2012-01-23,85.03,8312.3
2012-01-20,85.25,8258.18
2012-01-19,85.7,8385.21
2012-01-18,84.8,8318.31
2012-01-17,84.71,8383.71
2012-01-16,83.97,8358.9
2012-01-13,83.7,8301.77
2012-01-12,84.22,8363.41
2012-01-11,84.9,8437.08
2012-01-10,86.73,8515.26
2012-01-09,83.81,8452.87
2012-01-06,83.19,8498.72
2012-01-05,82.55,8474.67
2012-01-04,83.6,8546.83
2012-01-03,82.4,8428.81
